tweet,polarity,subjectivity
RT @books_in_movies: 'History of Kashmir' (Tarikh-i-Kashmir of Saiyid Ali) ‚Äî English translation with Historical Analysis ‚Äî by Abdul Qaiyum‚Ä¶,0,0
"@Junaid_Mattu Is Jihad in Kashmir is Only For Poor Kashmiri People's, Why The Children's of Our Hurriyat leaders ar‚Ä¶ https://t.co/OLRfvsDiob",-0.2,0.8
"RT @WIONews: 28-year-old Syed Hamid Bukhari made #Kashmir valley proud by clearing the civil service exam.
https://t.co/dYnUBwouPS",0.8,1
Comparing the #palestinian people to #Kashmir I won‚Äôt disagree since both have an insurgency of the #mujahadeen. On‚Ä¶ https://t.co/K8zEZcZ0yT,0,0
"RT @alam_mujaid: Militants often come to our village and forces people to join militancy.üò†
You can see terrifying faces of our mothers and‚Ä¶",-1,1
"RT @TimesNow: Watch | 'NGT is repeatedly intervening into the religious matters of crores and crores of Hindus in Jammu and Kashmir', says‚Ä¶",0,0.25
"RT @GustakhManto: Kya aap Kashmir me un dukhiyari maaon jinke bachche nabina kar diye gaye hain,  unki raushani lauta sakte hain? Un bewaao‚Ä¶",0,0
"RT @TimesNow: Watch | 'NGT is repeatedly intervening into the religious matters of crores and crores of Hindus in Jammu and Kashmir', says‚Ä¶",0,0.25
"RT @RadioPakistan: People of occupied Kashmir are subjected to illegal Indian occupation: PM
https://t.co/rqmd3LKHLX https://t.co/FViH7WtdQd",-0.5,0.5
"RT @Naveenamysuru: China backed Commies in power in #Nepal.
China sponsored projects in #Pakistan Occupied #Kashmir.
#China getting keys fo‚Ä¶",0,0
"China backed Commies in power in #Nepal.
China sponsored projects in #Pakistan Occupied #Kashmir.
#China getting ke‚Ä¶ https://t.co/PoMvXprgwy",0,0
RT @SiddharthAulia: Saudi Arabia's decision to reopen cinema halls sparks similar debate sparks in J-K https://t.co/RKWPzxTERR,0,0.4
WATCH | @JKMinFCSCATA @chzulfkarali today said the government has taken path-breaking initiatives for providing qua‚Ä¶ https://t.co/1wNOgqjpzB,0,0
sex drak magician girl book kashmir sexy nacked https://t.co/ZwJg4t1Bd3,0.5,1
"RT @girishalva: ""Why Double Standard?""

NGT wants Silence Zone in Amarnath Shrine! No Mantras! ""Handful"" of ppl want to stop Hindu practice‚Ä¶",0.104166667,0.033333333
Light snow fall in Jammu and Kashmir life remained dull in past two days,-0.047222222,0.483333333
"People of occupied Kashmir are subjected to illegal Indian occupation: PM
https://t.co/rqmd3LKHLX https://t.co/FViH7WtdQd",-0.5,0.5
"RT @LostKashmirHist: People will never be happy until the last oppressor is hung on the guts of the last collaborator.

#Kashmir https://t.‚Ä¶",0.266666667,0.377777778
"People will never be happy until the last oppressor is hung on the guts of the last collaborator.

#Kashmir https://t.co/V8sQP5tb48",0.266666667,0.377777778
"RT @ShakilMadiha: Spirit of Azadi can never die. It is this spirit which encourages a common #kashmiri to face bullets without any weapon,‚Ä¶",-0.3,0.5
RT @BahadurManmohan: INTERESTING indeed if true. Musharraf says that he is in talks with Indians on the Kashmir issue. Wonder who??  https:‚Ä¶,0.425,0.575
RT @INDSNM: India doesn‚Äôt belong.... but whether Kashmir belongs to a particular religion Mr Farooq Abdullah? Your double speaks are expose‚Ä¶,0.083333333,0.166666667
@atti_cus Amazing Haider could more or less get away portraying Indian occupation of Kashmir with such brutal honesty.,0.011666667,0.593333333
"#DutyBeingAPakistani
Correct wrong maps about Pakistan and Kashmir.",-0.5,0.9
"Kya aap Kashmir me un dukhiyari maaon jinke bachche nabina kar diye gaye hain,  unki raushani lauta sakte hain? Un‚Ä¶ https://t.co/kvdbn3OIv6",0,0
@Sudozai5 Pakistan does not recognize freedom of #Kashmir .,0,0
"RT @majorgauravarya: 5 soldiers missing in avalanche &amp; heavy snowfall in Nowgam &amp; Gurez sectors, Kashmir. Let‚Äôs join the 5 families and tho‚Ä¶",-0.2,0.275
"RT @rifatabdullahh: Meet Pardeep Singh Dardi, Mass Com Student of Kashmir University. He is a great volunteer. Keeping plants ready for fre‚Ä¶",0.5,0.625
"#Kashmir
#Pakistan is so desperate
To play Cricket with #India
Despite continuous refusal
By @BCCI , as if It's que‚Ä¶ https://t.co/OMO0bIvQyP",-0.6,1
"As winter sets in Kashmir, people start looking for ways to beat the harshness of the elements. There‚Äôs hardly an a‚Ä¶ https://t.co/6cKRgtKNhB",-0.291666667,0.541666667
"People will never be happy until the last oppressor is hung on the guts of the last collaborator.

#Kashmir https://t.co/PYDa5qR0WN",0.266666667,0.377777778
kashmir sexy girls sex with boys photos and videos sex hidden video https://t.co/3LdyKBk4vK,0.166666667,0.666666667
RT @INDSNM: India doesn‚Äôt belong.... but whether Kashmir belongs to a particular religion Mr Farooq Abdullah? Your double speaks are expose‚Ä¶,0.083333333,0.166666667
@vinodkumarbhinc I am from kashmir,0,0
@OmarAbdullah Pakistani terrorists in kashmir only target innocent.,0.25,0.85
French Journalist Arrested in Kashmir Released on Bail https://t.co/XpQBJlrLL5,0,0
"RT @CMShehbaz: #OICSummit: Issues of Palestine &amp; Kashmir remained a thorn in the heart of the founder of Pakistan, Muhammad Ali Jinnah ...‚Ä¶",0,0
RT @manakgupta: Now here is a sign that Cinema halls may finally become a reality in Kashmir https://t.co/vNBEsOMMpq,0,1
kashmir naked small girls national amateur championship https://t.co/Iu23zdLdyy,-0.166666667,0.35
Palestinian issue is on par with Kashmir: Pakistan official https://t.co/jgJ7RvK5XB,0,0
@Iyervval The "Please stop pelting stones" subsidies. Some people in Kashmir believe that we steal their money!,0,0
"14 ‡§¶‡§ø‡§∏‡§Ç‡§¨‡§∞ ‡§ï‡•á ‡§≤‡§ø‡§è ‡§Æ‡•å‡§∏‡§Æ ‡§™‡•Ç‡§∞‡•ç‡§µ‡§æ‡§®‡•Å‡§Æ‡§æ‡§®: ‡§¶‡§ø‡§≤‡•ç‡§≤‡•Ä, ‡§™‡§Ç‡§ú‡§æ‡§¨, ‡§π‡§∞‡§ø‡§Ø‡§æ‡§£‡§æ, ‡§∞‡§æ‡§ú‡§∏‡•ç‡§•‡§æ‡§® ‡§Æ‡•á‡§Ç ‡§ï‡•ã‡§π‡§∞‡§æ, ‡§π‡§ø‡§Æ‡§æ‡§ö‡§≤ ‡§î‡§∞ ‡§ï‡§∂‡•ç‡§Æ‡•Ä‡§∞ ‡§Æ‡•á‡§Ç ‡§¨‡§∞‡•ç‡§´‡§¨‡§æ‡§∞‡•Ä‚Ä¶ https://t.co/5Psl2cBAvm",0,0
"@ashokepandit @CatchNews Pandit Ji chalo ab Kashmir wapas chalte hein, ab toh apni government hei udhar. ‚ò∫",0,0
@KenRoth what's new &amp; strange in it? USA has been doing the same to search OBL and supporting same atrocities of Is‚Ä¶ https://t.co/lggBEHMpRj,0.067272727,0.220909091
"@MaryamNSharif ak harrami ne hurriyat leaders kashmir se kaha tum India ke saath raho, hamari taraf se jawab hai. Wo apka baap hai.",0,0
"28-year-old Syed Hamid Bukhari made #Kashmir valley proud by clearing the civil service exam.
https://t.co/dYnUBwouPS",0.8,1
"Adjoining Gulpur is #Throtchi, famous for its #castle that was built in 1460. Gulpur is a town in #Kotli District,‚Ä¶ https://t.co/mOAXj7zZAO",0.5,1
"RT @majorgauravarya: 5 soldiers missing in avalanche &amp; heavy snowfall in Nowgam &amp; Gurez sectors, Kashmir. Let‚Äôs join the 5 families and tho‚Ä¶",-0.2,0.275
RT @AmiteshK01: These 4 ladies of peaceful community frm Kashmir were cheating money frm majority community in Najafgarh area by saying the‚Ä¶,0.25,0.5
RT @manakgupta: Now here is a sign that Cinema halls may finally become a reality in Kashmir https://t.co/vNBEsOMMpq,0,1
RT @SiddharthAulia: Saudi Arabia's decision to reopen cinema halls sparks similar debate sparks in J-K https://t.co/RKWPzxTERR,0,0.4
RT @Sudozai5: Pakistan does not recognize Israel as a country.So Israel you don't exist anywhere in #Pakistan.#Kashmir,0,0
"RT @abhijitmajumder: In ‚Äòsecular‚Äô India, a place named #Kashmir is more Islamised and regressive than Saudi Arabia in some ways. Amazing, i‚Ä¶",0.55,0.7
"RT @alam_mujaid: Militants often come to our village and forces people to join militancy.üò†
You can see terrifying faces of our mothers and‚Ä¶",-1,1
https://t.co/Cg4catarWq,0,0
"RT @CMShehbaz: #OICSummit: Issues of Palestine &amp; Kashmir remained a thorn in the heart of the founder of Pakistan, Muhammad Ali Jinnah ...‚Ä¶",0,0
RT @manakgupta: Now here is a sign that Cinema halls may finally become a reality in Kashmir https://t.co/vNBEsOMMpq,0,1
"RT @majorgauravarya: 5 soldiers missing in avalanche &amp; heavy snowfall in Nowgam &amp; Gurez sectors, Kashmir. Let‚Äôs join the 5 families and tho‚Ä¶",-0.2,0.275
"RT @SuddhanSadaf30: #plebiscite is the only solution to #Kashmir issue.
#HumanRights &amp; European countries,supporting the #kashmiris 'cause,‚Ä¶",0,0.5
"RT @abhijitmajumder: In ‚Äòsecular‚Äô India, a place named #Kashmir is more Islamised and regressive than Saudi Arabia in some ways. Amazing, i‚Ä¶",0.55,0.7
"RT @abhijitmajumder: In ‚Äòsecular‚Äô India, a place named #Kashmir is more Islamised and regressive than Saudi Arabia in some ways. Amazing, i‚Ä¶",0.55,0.7
RT @dr_rita39: Will they rally to protect  Palestine and Kashmir? Kashmir is the most neglected place in the Muslim world. Atrocities there‚Ä¶,0.5,0.5
RT @Junaid_Mattu: Agree. Time to reopen cinemas in Kashmir too. It's an apolitical issue and shouldn't be delayed anymore. Have to give our‚Ä¶,0,0
"RT @majorgauravarya: 5 soldiers missing in avalanche &amp; heavy snowfall in Nowgam &amp; Gurez sectors, Kashmir. Let‚Äôs join the 5 families and tho‚Ä¶",-0.2,0.275
"Avalanche warning for some districts in Jammu and Kashmir, Himachal Pradesh https://t.co/tDAErbaIqO https://t.co/3AhU17YRzp",0,0
"@AmitShah 2/3 
right to education strictures to such Hindus school unconstitutional 
Kashmir PANDITS resentments in‚Ä¶ https://t.co/1nXGbqCjRd",0.142857143,0.517857143
"RT @mavraAlamgir: Mera hr Fouji Jawan jes√¶y ho Khari chatan, m√¶n Khebr m√¶n Punjab m√¶n Sindh Blochistan, M√¶n hon Kashmir Ki Vadi M√¶n Gilgit‚Ä¶",0,0
RT @AbidiAsfaq: Terrorist Yasin Malik along with terrorists of his organization JKLF' raped &amp; slaughtered hundreds of Hindus women..That ti‚Ä¶,0,0
Wealth the Kashmir awesome.... https://t.co/XmIvLmnPWU,1,1
@nujoom_tweets Tumlog sale sudharoge nahi  go in West Bengal and see mamata work or in kashmir,0,0
Picture of #Jaish militant operating in #Kashmir with new sophisticated American  assault rifle Goes Viral On Socia‚Ä¶ https://t.co/b3qviLgnQw,0.212121212,0.484848485
"RT @parvaizbukhari: Military, paramilitary main perpetrator of violence in #Kashmir: study | Kashmir Reader #Terrorism  https://t.co/bW3sk3‚Ä¶",0.033333333,0.216666667
"RT @ruchi_berma: 26/11,9/11 terror attack on Paris,Orlando,Manhatton, kashmir,Israel,London,Iraq,Turkey,Afghan,Bangladesh,Nigeria,Egypt,Aus‚Ä¶",0,0
"RT @abhijitmajumder: In ‚Äòsecular‚Äô India, a place named #Kashmir is more Islamised and regressive than Saudi Arabia in some ways. Amazing, i‚Ä¶",0.55,0.7
"Avalanche warning for some districts in Jammu and Kashmir, Himachal Pradesh https://t.co/N2D4OMzNUX https://t.co/4GhUedx8s4",0,0
"RT @alam_mujaid: Militants often come to our village and forces people to join militancy.üò†
You can see terrifying faces of our mothers and‚Ä¶",-1,1
"RT @majorgauravarya: 5 soldiers missing in avalanche &amp; heavy snowfall in Nowgam &amp; Gurez sectors, Kashmir. Let‚Äôs join the 5 families and tho‚Ä¶",-0.2,0.275
"RT @LostKashmirHist: Misra, the mother of Shabir Ahmed Ghasi, 21, holds his photo. Shabir was selling fruits on January 22, 2000 when the B‚Ä¶",0,0
"Jammu and Kashmir BJP leader in trouble after picture holding AK-47 rifle goes viral; 'not active member,' says par‚Ä¶ https://t.co/Se8mB5L4qJ",-0.066666667,0.4
"RT @JdiqbalJavid: There is No Independence Day For # Kahsmiris 
Please Unite and Do More Stuggle For kashmir https://t.co/l8giohfH7Z",0.5,0.5
"RT @WithKashmir_: More and more people are speaking out against the #harassment they faced anytime in their lives. 
Send yours at https://t‚Ä¶",0.5,0.5
RT @DoC_GoI: Pure silk carpets of Kashmir are such high quality that they're woven with 324-600 knots per square inch. #IndiaEXIM https://t‚Ä¶,0.124761905,0.513333333
"RT @SuddhanSadaf30: Kashmir fight fr freedom. 
Frm small hamlets to towns, #Kashmiris yelling just one
slogan aloud:'Hum kya chahtay?Aazadi‚Ä¶",-0.25,0.4
"RT @TimesNow: Watch | 'NGT is repeatedly intervening into the religious matters of crores and crores of Hindus in Jammu and Kashmir', says‚Ä¶",0,0.25
RT @Swamy39: New photos show terror supporter Kashmir Congress leader Salman Nizami was behind the JNU protests https://t.co/hOICoFFVka via‚Ä¶,-0.131818182,0.577272727
"RT @JandKTourism: Kashmir University campus draped in snow. 
#JKTourism 
Photo/Asim Banday https://t.co/JhK3QTxQIK",0,0
"RT @girishalva: ""Why Double Standard?""

NGT wants Silence Zone in Amarnath Shrine! No Mantras! ""Handful"" of ppl want to stop Hindu practice‚Ä¶",0.104166667,0.033333333
"RT @HerNameIs_Bea: Today they took my Son.

What could I now do with the broken pieces of me, without him? 

Every mothers nightmare is rea‚Ä¶",-0.4,0.4
RT @manakgupta: Now here is a sign that Cinema halls may finally become a reality in Kashmir https://t.co/vNBEsOMMpq,0,1
"#Kashmir
2nd ODI: Rohit Sharma's
208* powers India to
141-run victory over 
Sri Lanka.
#Pakistan 
@TheRealPCB‚Ä¶ https://t.co/UmTef2rca4",0,0
"RT @alam_mujaid: Militants often come to our village and forces people to join militancy.üò†
You can see terrifying faces of our mothers and‚Ä¶",-1,1
"RT @Paleosismolog: Distant view of deformed fluvial terrace surfaces at Chehla Bandi, north of Muzaffarabad. A flight of several terrace su‚Ä¶",-0.05,0.175
"RT @ShakilMadiha: Spirit of Azadi can never die. It is this spirit which encourages a common #kashmiri to face bullets without any weapon,‚Ä¶",-0.3,0.5
RT @Sudozai5: Pakistan does not recognize Israel as a country.So Israel you don't exist anywhere in #Pakistan.#Kashmir,0,0
"RT @CMShehbaz: #OICSummit: Issues of Palestine &amp; Kashmir remained a thorn in the heart of the founder of Pakistan, Muhammad Ali Jinnah ...‚Ä¶",0,0
"@javaidShaikh @Kashmir_rise Javaid, you come to my custody. You'll confess to being a Yahudi &amp; #Mossad agent.",0,0
David Garrett - Kashmir üéª #worldviolinday shout out to one of my favorite violinist @david_garrett ‚ù§Ô∏èüéªüé∂ https://t.co/P4HFAjFxWe,0.5,1
RT @SoniaGandhi_FC: You're lucky to be from such a beautiful place. #Kashmir #Heaven üå≤ https://t.co/r1yI8TnkjP,0.394444444,0.777777778
Let your days become a fragrant song where heaven and earth continually collide.....KAsHmIR....,0,0
"RT @TimesNow: Watch | 'NGT is repeatedly intervening into the religious matters of crores and crores of Hindus in Jammu and Kashmir', says‚Ä¶",0,0.25
"RT @juned_wani: congrats sir Mr satish vimal for winning national award for your poetry. #Kashmir  proud of you.üôèüôè
@ashokepandit @AskAnshul‚Ä¶",0.65,0.875
RT @iKaicer: "He (shaheed tufail matoo) is buried at two places. His body is buried at the Martyrs Graveyard in Srinagar and the fragments‚Ä¶,0,0
"RT @WIONews: 28-year-old Syed Hamid Bukhari made #Kashmir valley proud by clearing the civil service exam.
https://t.co/dYnUBwouPS",0.8,1
"RT @WIONews: 28-year-old Syed Hamid Bukhari made #Kashmir valley proud by clearing the civil service exam.
https://t.co/dYnUBwouPS",0.8,1
Comparing the #palestinian people to #Kashmir I won‚Äôt disagree since both have an insurgency of the #mujahadeen. On‚Ä¶ https://t.co/K8zEZcZ0yT,0,0
"RT @alam_mujaid: Militants often come to our village and forces people to join militancy.üò†
You can see terrifying faces of our mothers and‚Ä¶",-1,1
"RT @TimesNow: Watch | 'NGT is repeatedly intervening into the religious matters of crores and crores of Hindus in Jammu and Kashmir', says‚Ä¶",0,0.25
"RT @GustakhManto: Kya aap Kashmir me un dukhiyari maaon jinke bachche nabina kar diye gaye hain,  unki raushani lauta sakte hain? Un bewaao‚Ä¶",0,0
"RT @TimesNow: Watch | 'NGT is repeatedly intervening into the religious matters of crores and crores of Hindus in Jammu and Kashmir', says‚Ä¶",0,0.25
"RT @RadioPakistan: People of occupied Kashmir are subjected to illegal Indian occupation: PM
https://t.co/rqmd3LKHLX https://t.co/FViH7WtdQd",-0.5,0.5
"RT @Naveenamysuru: China backed Commies in power in #Nepal.
China sponsored projects in #Pakistan Occupied #Kashmir.
#China getting keys fo‚Ä¶",0,0
"China backed Commies in power in #Nepal.
China sponsored projects in #Pakistan Occupied #Kashmir.
#China getting ke‚Ä¶ https://t.co/PoMvXprgwy",0,0
RT @SiddharthAulia: Saudi Arabia's decision to reopen cinema halls sparks similar debate sparks in J-K https://t.co/RKWPzxTERR,0,0.4
WATCH | @JKMinFCSCATA @chzulfkarali today said the government has taken path-breaking initiatives for providing qua‚Ä¶ https://t.co/1wNOgqjpzB,0,0
sex drak magician girl book kashmir sexy nacked https://t.co/ZwJg4t1Bd3,0.5,1
"RT @girishalva: ""Why Double Standard?""

NGT wants Silence Zone in Amarnath Shrine! No Mantras! ""Handful"" of ppl want to stop Hindu practice‚Ä¶",0.104166667,0.033333333
Light snow fall in Jammu and Kashmir life remained dull in past two days,-0.047222222,0.483333333
"People of occupied Kashmir are subjected to illegal Indian occupation: PM
https://t.co/rqmd3LKHLX https://t.co/FViH7WtdQd",-0.5,0.5
"RT @LostKashmirHist: People will never be happy until the last oppressor is hung on the guts of the last collaborator.

#Kashmir https://t.‚Ä¶",0.266666667,0.377777778
"People will never be happy until the last oppressor is hung on the guts of the last collaborator.

#Kashmir https://t.co/V8sQP5tb48",0.266666667,0.377777778
"RT @ShakilMadiha: Spirit of Azadi can never die. It is this spirit which encourages a common #kashmiri to face bullets without any weapon,‚Ä¶",-0.3,0.5
RT @BahadurManmohan: INTERESTING indeed if true. Musharraf says that he is in talks with Indians on the Kashmir issue. Wonder who??  https:‚Ä¶,0.425,0.575
RT @INDSNM: India doesn‚Äôt belong.... but whether Kashmir belongs to a particular religion Mr Farooq Abdullah? Your double speaks are expose‚Ä¶,0.083333333,0.166666667
@atti_cus Amazing Haider could more or less get away portraying Indian occupation of Kashmir with such brutal honesty.,0.011666667,0.593333333
"#DutyBeingAPakistani
Correct wrong maps about Pakistan and Kashmir.",-0.5,0.9
"Kya aap Kashmir me un dukhiyari maaon jinke bachche nabina kar diye gaye hain,  unki raushani lauta sakte hain? Un‚Ä¶ https://t.co/kvdbn3OIv6",0,0
@Sudozai5 Pakistan does not recognize freedom of #Kashmir .,0,0
"RT @majorgauravarya: 5 soldiers missing in avalanche &amp; heavy snowfall in Nowgam &amp; Gurez sectors, Kashmir. Let‚Äôs join the 5 families and tho‚Ä¶",-0.2,0.275
"RT @rifatabdullahh: Meet Pardeep Singh Dardi, Mass Com Student of Kashmir University. He is a great volunteer. Keeping plants ready for fre‚Ä¶",0.5,0.625
"#Kashmir
#Pakistan is so desperate
To play Cricket with #India
Despite continuous refusal
By @BCCI , as if It's que‚Ä¶ https://t.co/OMO0bIvQyP",-0.6,1
"As winter sets in Kashmir, people start looking for ways to beat the harshness of the elements. There‚Äôs hardly an a‚Ä¶ https://t.co/6cKRgtKNhB",-0.291666667,0.541666667
"People will never be happy until the last oppressor is hung on the guts of the last collaborator.

#Kashmir https://t.co/PYDa5qR0WN",0.266666667,0.377777778
kashmir sexy girls sex with boys photos and videos sex hidden video https://t.co/3LdyKBk4vK,0.166666667,0.666666667
RT @INDSNM: India doesn‚Äôt belong.... but whether Kashmir belongs to a particular religion Mr Farooq Abdullah? Your double speaks are expose‚Ä¶,0.083333333,0.166666667
@vinodkumarbhinc I am from kashmir,0,0
@OmarAbdullah Pakistani terrorists in kashmir only target innocent.,0.25,0.85
French Journalist Arrested in Kashmir Released on Bail https://t.co/XpQBJlrLL5,0,0
"RT @CMShehbaz: #OICSummit: Issues of Palestine &amp; Kashmir remained a thorn in the heart of the founder of Pakistan, Muhammad Ali Jinnah ...‚Ä¶",0,0
RT @manakgupta: Now here is a sign that Cinema halls may finally become a reality in Kashmir https://t.co/vNBEsOMMpq,0,1
kashmir naked small girls national amateur championship https://t.co/Iu23zdLdyy,-0.166666667,0.35
Palestinian issue is on par with Kashmir: Pakistan official https://t.co/jgJ7RvK5XB,0,0
@Iyervval The "Please stop pelting stones" subsidies. Some people in Kashmir believe that we steal their money!,0,0
"14 ‡§¶‡§ø‡§∏‡§Ç‡§¨‡§∞ ‡§ï‡•á ‡§≤‡§ø‡§è ‡§Æ‡•å‡§∏‡§Æ ‡§™‡•Ç‡§∞‡•ç‡§µ‡§æ‡§®‡•Å‡§Æ‡§æ‡§®: ‡§¶‡§ø‡§≤‡•ç‡§≤‡•Ä, ‡§™‡§Ç‡§ú‡§æ‡§¨, ‡§π‡§∞‡§ø‡§Ø‡§æ‡§£‡§æ, ‡§∞‡§æ‡§ú‡§∏‡•ç‡§•‡§æ‡§® ‡§Æ‡•á‡§Ç ‡§ï‡•ã‡§π‡§∞‡§æ, ‡§π‡§ø‡§Æ‡§æ‡§ö‡§≤ ‡§î‡§∞ ‡§ï‡§∂‡•ç‡§Æ‡•Ä‡§∞ ‡§Æ‡•á‡§Ç ‡§¨‡§∞‡•ç‡§´‡§¨‡§æ‡§∞‡•Ä‚Ä¶ https://t.co/5Psl2cBAvm",0,0
"@ashokepandit @CatchNews Pandit Ji chalo ab Kashmir wapas chalte hein, ab toh apni government hei udhar. ‚ò∫",0,0
@KenRoth what's new &amp; strange in it? USA has been doing the same to search OBL and supporting same atrocities of Is‚Ä¶ https://t.co/lggBEHMpRj,0.067272727,0.220909091
"@MaryamNSharif ak harrami ne hurriyat leaders kashmir se kaha tum India ke saath raho, hamari taraf se jawab hai. Wo apka baap hai.",0,0
"28-year-old Syed Hamid Bukhari made #Kashmir valley proud by clearing the civil service exam.
https://t.co/dYnUBwouPS",0.8,1
"Adjoining Gulpur is #Throtchi, famous for its #castle that was built in 1460. Gulpur is a town in #Kotli District,‚Ä¶ https://t.co/mOAXj7zZAO",0.5,1
"RT @majorgauravarya: 5 soldiers missing in avalanche &amp; heavy snowfall in Nowgam &amp; Gurez sectors, Kashmir. Let‚Äôs join the 5 families and tho‚Ä¶",-0.2,0.275
RT @AmiteshK01: These 4 ladies of peaceful community frm Kashmir were cheating money frm majority community in Najafgarh area by saying the‚Ä¶,0.25,0.5
RT @manakgupta: Now here is a sign that Cinema halls may finally become a reality in Kashmir https://t.co/vNBEsOMMpq,0,1
RT @SiddharthAulia: Saudi Arabia's decision to reopen cinema halls sparks similar debate sparks in J-K https://t.co/RKWPzxTERR,0,0.4
RT @Sudozai5: Pakistan does not recognize Israel as a country.So Israel you don't exist anywhere in #Pakistan.#Kashmir,0,0
"RT @abhijitmajumder: In ‚Äòsecular‚Äô India, a place named #Kashmir is more Islamised and regressive than Saudi Arabia in some ways. Amazing, i‚Ä¶",0.55,0.7
"RT @alam_mujaid: Militants often come to our village and forces people to join militancy.üò†
You can see terrifying faces of our mothers and‚Ä¶",-1,1
https://t.co/Cg4catarWq,0,0
"RT @CMShehbaz: #OICSummit: Issues of Palestine &amp; Kashmir remained a thorn in the heart of the founder of Pakistan, Muhammad Ali Jinnah ...‚Ä¶",0,0
RT @manakgupta: Now here is a sign that Cinema halls may finally become a reality in Kashmir https://t.co/vNBEsOMMpq,0,1
"RT @majorgauravarya: 5 soldiers missing in avalanche &amp; heavy snowfall in Nowgam &amp; Gurez sectors, Kashmir. Let‚Äôs join the 5 families and tho‚Ä¶",-0.2,0.275
"RT @SuddhanSadaf30: #plebiscite is the only solution to #Kashmir issue.
#HumanRights &amp; European countries,supporting the #kashmiris 'cause,‚Ä¶",0,0.5
"RT @abhijitmajumder: In ‚Äòsecular‚Äô India, a place named #Kashmir is more Islamised and regressive than Saudi Arabia in some ways. Amazing, i‚Ä¶",0.55,0.7
"RT @abhijitmajumder: In ‚Äòsecular‚Äô India, a place named #Kashmir is more Islamised and regressive than Saudi Arabia in some ways. Amazing, i‚Ä¶",0.55,0.7
RT @dr_rita39: Will they rally to protect  Palestine and Kashmir? Kashmir is the most neglected place in the Muslim world. Atrocities there‚Ä¶,0.5,0.5
RT @Junaid_Mattu: Agree. Time to reopen cinemas in Kashmir too. It's an apolitical issue and shouldn't be delayed anymore. Have to give our‚Ä¶,0,0
"RT @majorgauravarya: 5 soldiers missing in avalanche &amp; heavy snowfall in Nowgam &amp; Gurez sectors, Kashmir. Let‚Äôs join the 5 families and tho‚Ä¶",-0.2,0.275
"Avalanche warning for some districts in Jammu and Kashmir, Himachal Pradesh https://t.co/tDAErbaIqO https://t.co/3AhU17YRzp",0,0
"@AmitShah 2/3 
right to education strictures to such Hindus school unconstitutional 
Kashmir PANDITS resentments in‚Ä¶ https://t.co/1nXGbqCjRd",0.142857143,0.517857143
"RT @mavraAlamgir: Mera hr Fouji Jawan jes√¶y ho Khari chatan, m√¶n Khebr m√¶n Punjab m√¶n Sindh Blochistan, M√¶n hon Kashmir Ki Vadi M√¶n Gilgit‚Ä¶",0,0
RT @AbidiAsfaq: Terrorist Yasin Malik along with terrorists of his organization JKLF' raped &amp; slaughtered hundreds of Hindus women..That ti‚Ä¶,0,0
Wealth the Kashmir awesome.... https://t.co/XmIvLmnPWU,1,1
@nujoom_tweets Tumlog sale sudharoge nahi  go in West Bengal and see mamata work or in kashmir,0,0
Picture of #Jaish militant operating in #Kashmir with new sophisticated American  assault rifle Goes Viral On Socia‚Ä¶ https://t.co/b3qviLgnQw,0.212121212,0.484848485
"RT @parvaizbukhari: Military, paramilitary main perpetrator of violence in #Kashmir: study | Kashmir Reader #Terrorism  https://t.co/bW3sk3‚Ä¶",0.033333333,0.216666667
"RT @ruchi_berma: 26/11,9/11 terror attack on Paris,Orlando,Manhatton, kashmir,Israel,London,Iraq,Turkey,Afghan,Bangladesh,Nigeria,Egypt,Aus‚Ä¶",0,0
"RT @abhijitmajumder: In ‚Äòsecular‚Äô India, a place named #Kashmir is more Islamised and regressive than Saudi Arabia in some ways. Amazing, i‚Ä¶",0.55,0.7
"Avalanche warning for some districts in Jammu and Kashmir, Himachal Pradesh https://t.co/N2D4OMzNUX https://t.co/4GhUedx8s4",0,0
"RT @alam_mujaid: Militants often come to our village and forces people to join militancy.üò†
You can see terrifying faces of our mothers and‚Ä¶",-1,1
"RT @majorgauravarya: 5 soldiers missing in avalanche &amp; heavy snowfall in Nowgam &amp; Gurez sectors, Kashmir. Let‚Äôs join the 5 families and tho‚Ä¶",-0.2,0.275
"RT @LostKashmirHist: Misra, the mother of Shabir Ahmed Ghasi, 21, holds his photo. Shabir was selling fruits on January 22, 2000 when the B‚Ä¶",0,0
"Jammu and Kashmir BJP leader in trouble after picture holding AK-47 rifle goes viral; 'not active member,' says par‚Ä¶ https://t.co/Se8mB5L4qJ",-0.066666667,0.4
"RT @JdiqbalJavid: There is No Independence Day For # Kahsmiris 
Please Unite and Do More Stuggle For kashmir https://t.co/l8giohfH7Z",0.5,0.5
"RT @WithKashmir_: More and more people are speaking out against the #harassment they faced anytime in their lives. 
Send yours at https://t‚Ä¶",0.5,0.5
RT @DoC_GoI: Pure silk carpets of Kashmir are such high quality that they're woven with 324-600 knots per square inch. #IndiaEXIM https://t‚Ä¶,0.124761905,0.513333333
"RT @SuddhanSadaf30: Kashmir fight fr freedom. 
Frm small hamlets to towns, #Kashmiris yelling just one
slogan aloud:'Hum kya chahtay?Aazadi‚Ä¶",-0.25,0.4
"RT @TimesNow: Watch | 'NGT is repeatedly intervening into the religious matters of crores and crores of Hindus in Jammu and Kashmir', says‚Ä¶",0,0.25
RT @Swamy39: New photos show terror supporter Kashmir Congress leader Salman Nizami was behind the JNU protests https://t.co/hOICoFFVka via‚Ä¶,-0.131818182,0.577272727
"RT @JandKTourism: Kashmir University campus draped in snow. 
#JKTourism 
Photo/Asim Banday https://t.co/JhK3QTxQIK",0,0
"RT @girishalva: ""Why Double Standard?""

NGT wants Silence Zone in Amarnath Shrine! No Mantras! ""Handful"" of ppl want to stop Hindu practice‚Ä¶",0.104166667,0.033333333
"RT @HerNameIs_Bea: Today they took my Son.

What could I now do with the broken pieces of me, without him? 

Every mothers nightmare is rea‚Ä¶",-0.4,0.4
RT @manakgupta: Now here is a sign that Cinema halls may finally become a reality in Kashmir https://t.co/vNBEsOMMpq,0,1
"#Kashmir
2nd ODI: Rohit Sharma's
208* powers India to
141-run victory over 
Sri Lanka.
#Pakistan 
@TheRealPCB‚Ä¶ https://t.co/UmTef2rca4",0,0
"RT @alam_mujaid: Militants often come to our village and forces people to join militancy.üò†
You can see terrifying faces of our mothers and‚Ä¶",-1,1
"RT @Paleosismolog: Distant view of deformed fluvial terrace surfaces at Chehla Bandi, north of Muzaffarabad. A flight of several terrace su‚Ä¶",-0.05,0.175
"RT @ShakilMadiha: Spirit of Azadi can never die. It is this spirit which encourages a common #kashmiri to face bullets without any weapon,‚Ä¶",-0.3,0.5
RT @Sudozai5: Pakistan does not recognize Israel as a country.So Israel you don't exist anywhere in #Pakistan.#Kashmir,0,0
"RT @CMShehbaz: #OICSummit: Issues of Palestine &amp; Kashmir remained a thorn in the heart of the founder of Pakistan, Muhammad Ali Jinnah ...‚Ä¶",0,0
"@javaidShaikh @Kashmir_rise Javaid, you come to my custody. You'll confess to being a Yahudi &amp; #Mossad agent.",0,0
David Garrett - Kashmir üéª #worldviolinday shout out to one of my favorite violinist @david_garrett ‚ù§Ô∏èüéªüé∂ https://t.co/P4HFAjFxWe,0.5,1
RT @SoniaGandhi_FC: You're lucky to be from such a beautiful place. #Kashmir #Heaven üå≤ https://t.co/r1yI8TnkjP,0.394444444,0.777777778
Let your days become a fragrant song where heaven and earth continually collide.....KAsHmIR....,0,0
"RT @TimesNow: Watch | 'NGT is repeatedly intervening into the religious matters of crores and crores of Hindus in Jammu and Kashmir', says‚Ä¶",0,0.25
"RT @juned_wani: congrats sir Mr satish vimal for winning national award for your poetry. #Kashmir  proud of you.üôèüôè
@ashokepandit @AskAnshul‚Ä¶",0.65,0.875
